City_ID,City,Country,Date,Lat,Lng,Max Temp,Humidity,Cloudiness,Wind Speed
0,Rikitea,PF,2022-06-13 21:59:17,-23.1203,-134.9692,73.13,64,46,7.18
1,Namibe,AO,2022-06-13 22:02:58,-15.1961,12.1522,66.49,66,0,7.58
2,Mataura,NZ,2022-06-13 21:59:04,-46.1927,168.8643,43.48,93,97,13.8
3,Milkovo,RU,2022-06-13 22:02:59,54.7167,158.6167,48.24,83,100,3.13
4,Port Elizabeth,ZA,2022-06-13 22:01:34,-33.918,25.5701,68.09,55,100,6.24
5,Saldanha,ZA,2022-06-13 22:02:59,-33.0117,17.9442,58.14,83,97,20.09
6,Bluff,NZ,2022-06-13 22:03:00,-46.6,168.3333,41.81,69,100,37.8
7,Castro,BR,2022-06-13 21:59:10,-24.7911,-50.0119,46.0,79,0,3.04
8,Tuktoyaktuk,CA,2022-06-13 22:01:49,69.4541,-133.0374,35.6,93,40,13.8
9,Bredasdorp,ZA,2022-06-13 21:59:05,-34.5322,20.0403,55.18,83,100,9.78
10,Cabo San Lucas,MX,2022-06-13 22:03:00,22.8909,-109.9124,95.61,26,0,12.66
11,Muroto,JP,2022-06-13 22:03:01,33.2833,134.15,69.24,90,100,29.66
12,Hobart,AU,2022-06-13 22:01:08,-42.8794,147.3294,39.06,91,75,4.61
13,Bethel,US,2022-06-13 22:03:01,41.3712,-73.414,85.01,51,0,9.22
14,Busselton,AU,2022-06-13 22:03:02,-33.65,115.3333,58.75,69,94,5.84
15,Albany,US,2022-06-13 22:00:05,42.6001,-73.9662,79.66,40,1,1.99
16,Mar Del Plata,AR,2022-06-13 22:00:07,-38.0023,-57.5575,58.95,61,74,1.99
17,Tadine,NC,2022-06-13 22:03:02,-21.55,167.8833,72.16,95,100,12.62
18,Cedar City,US,2022-06-13 22:03:03,37.6775,-113.0619,77.4,25,100,26.46
19,Itatskiy,RU,2022-06-13 22:03:03,56.07,89.0369,59.79,84,100,5.08
20,Zabid,YE,2022-06-13 22:03:04,14.1951,43.3152,85.6,64,71,6.62
21,Atuona,PF,2022-06-13 22:03:04,-9.8,-139.0333,77.97,64,6,17.36
22,New Norfolk,AU,2022-06-13 22:01:43,-42.7826,147.0587,38.7,87,58,3.04
23,Port Alfred,ZA,2022-06-13 22:03:05,-33.5906,26.891,71.65,45,100,7.9
24,Georgetown,MY,2022-06-13 21:58:56,5.4112,100.3354,80.53,93,20,0.0
25,Ishigaki,JP,2022-06-13 22:03:05,24.3448,124.1572,82.99,85,77,27.42
26,Calabozo,VE,2022-06-13 22:03:05,8.9242,-67.4293,75.87,89,95,3.44
27,Uvalde,US,2022-06-13 22:03:06,29.3669,-99.767,102.13,21,0,17.27
28,Parana,AR,2022-06-13 22:00:52,-31.732,-60.5238,61.52,48,0,9.93
29,Punta Arenas,CL,2022-06-13 22:03:06,-53.15,-70.9167,44.11,70,76,9.13
30,Kununurra,AU,2022-06-13 22:03:07,-15.7667,128.7333,51.78,76,6,2.3
31,Lebu,CL,2022-06-13 22:03:07,-37.6167,-73.65,51.03,89,100,8.72
32,Ponta Do Sol,PT,2022-06-13 22:01:52,32.6667,-17.1,70.0,68,53,6.31
33,Tay Ninh,VN,2022-06-13 22:03:07,11.3,106.1,78.26,86,75,4.47
34,Kodiak,US,2022-06-13 22:03:08,57.79,-152.4072,51.31,71,100,6.91
35,Kapaa,US,2022-06-13 21:59:11,22.0752,-159.319,81.48,72,67,5.99
36,Fairbanks,US,2022-06-13 22:00:04,64.8378,-147.7164,73.31,38,47,1.99
37,Jamestown,US,2022-06-13 22:02:49,42.097,-79.2353,77.52,65,24,4.45
38,Lompoc,US,2022-06-13 22:01:41,34.6391,-120.4579,85.78,58,0,32.01
39,Ushuaia,AR,2022-06-13 21:59:11,-54.8,-68.3,42.46,75,40,21.85
40,Cherskiy,RU,2022-06-13 22:03:09,68.75,161.3,64.2,30,16,4.45
41,Bera,BD,2022-06-13 22:03:09,24.0833,89.6167,82.85,85,98,14.27
42,Rojhan,PK,2022-06-13 22:03:10,28.6868,69.9534,92.86,44,2,11.72
43,Ahipara,NZ,2022-06-13 22:03:10,-35.1667,173.1667,59.74,57,52,14.34
44,Sorkjosen,NO,2022-06-13 22:03:10,69.8,20.9333,46.4,81,100,4.61
45,Isangel,VU,2022-06-13 22:03:11,-19.55,169.2667,78.75,79,100,7.16
46,Bonavista,CA,2022-06-13 22:03:11,48.6499,-53.1147,44.73,77,24,12.39
47,Arraial Do Cabo,BR,2022-06-13 22:04:12,-22.9661,-42.0278,66.06,88,75,19.57
48,Suntar,RU,2022-06-13 22:04:12,62.1444,117.6319,57.92,69,92,1.72
49,San Cristobal,VE,2022-06-13 22:02:19,7.7669,-72.225,70.43,88,89,5.32
50,Dali,CN,2022-06-13 22:04:13,25.7,100.1833,62.06,97,99,4.03
51,Saint-Georges,GD,2022-06-13 22:04:13,12.0564,-61.7485,76.66,85,100,8.28
52,Hagerstown,US,2022-06-13 22:02:41,39.6418,-77.72,88.9,63,20,9.22
53,Hilo,US,2022-06-13 22:04:13,19.7297,-155.09,89.28,68,40,9.22
54,Port Hardy,CA,2022-06-13 22:00:06,50.6996,-127.4199,52.45,83,91,7.7
55,Opunake,NZ,2022-06-13 22:04:14,-39.4556,173.8583,57.45,69,97,26.69
56,Kita,ML,2022-06-13 22:04:14,13.0349,-9.4895,83.66,55,73,5.57
57,Husavik,IS,2022-06-13 22:04:15,66.0449,-17.3389,53.55,76,100,5.5
58,Labrea,BR,2022-06-13 22:04:15,-7.2586,-64.7981,75.58,75,84,2.68
59,Marienburg,PL,2022-06-13 21:59:46,54.0359,19.0266,55.11,90,0,8.3
60,Seoul,KR,2022-06-13 22:04:16,37.5683,126.9778,67.44,61,19,10.96
61,Sao Joao Da Barra,BR,2022-06-13 22:04:16,-21.6403,-41.0511,67.06,73,90,16.35
62,Sao Felix Do Xingu,BR,2022-06-13 22:04:16,-6.6447,-51.995,74.32,94,88,0.2
63,Khatanga,RU,2022-06-13 22:04:17,71.9667,102.5,53.13,59,92,11.03
64,Kathmandu,NP,2022-06-13 22:03:02,27.7167,85.3167,68.22,100,100,3.44
65,Luderitz,NA,2022-06-13 21:59:36,-26.6481,15.1594,58.82,92,61,13.62
66,Vaini,TO,2022-06-13 22:04:17,-21.2,-175.2,80.76,78,20,5.75
67,Mahesana,IN,2022-06-13 22:04:18,23.6,72.4,84.09,70,33,7.34
68,Torbay,CA,2022-06-13 22:03:20,47.6666,-52.7314,54.28,81,99,5.01
69,Belyy Yar,RU,2022-06-13 22:04:18,53.6039,91.3903,59.86,90,94,0.0
70,Dikson,RU,2022-06-13 22:04:18,73.5069,80.5464,30.18,88,100,12.12
71,Potenza,IT,2022-06-13 22:04:00,40.6443,15.8086,57.9,54,0,2.1
72,Saint Anthony,US,2022-06-13 22:04:19,45.0205,-93.218,81.09,76,40,11.5
73,Richards Bay,ZA,2022-06-13 22:04:19,-28.783,32.0377,63.45,48,92,11.5
74,Cape Town,ZA,2022-06-13 22:03:31,-33.9258,18.4232,57.34,89,100,4.0
75,Saint George,US,2022-06-13 22:00:30,37.1041,-113.5841,95.63,16,0,19.57
76,Hithadhoo,MV,2022-06-13 22:04:20,-0.6,73.0833,83.1,73,59,8.1
77,Upernavik,GL,2022-06-13 22:04:20,72.7868,-56.1549,31.75,82,75,7.61
78,Kaduqli,SD,2022-06-13 22:04:20,11.0167,29.7167,82.72,47,98,1.36
79,Airai,TL,2022-06-13 22:04:21,-8.9266,125.4092,57.96,92,66,3.22
80,Turukhansk,RU,2022-06-13 22:04:21,65.8167,87.9833,58.98,86,69,5.99
81,Imeni Babushkina,RU,2022-06-13 22:04:22,59.7573,43.1285,57.54,79,100,4.34
82,Thompson,CA,2022-06-13 22:04:22,55.7435,-97.8558,78.55,26,75,10.85
83,Codrington,AU,2022-06-13 22:04:22,-38.2667,141.9667,45.34,80,100,11.81
84,Acarau,BR,2022-06-13 22:04:23,-2.8856,-40.12,78.44,80,5,13.51
85,Los Llanos De Aridane,ES,2022-06-13 22:04:23,28.6585,-17.9182,67.75,84,4,3.44
86,Chicama,PE,2022-06-13 22:04:23,-7.8447,-79.1469,63.14,68,9,8.03
87,Zhangye,CN,2022-06-13 22:04:24,38.9342,100.4517,65.79,15,0,7.27
88,Katsuura,JP,2022-06-13 22:04:24,35.1333,140.3,65.52,76,100,15.73
89,Souillac,MU,2022-06-13 22:04:24,-20.5167,57.5167,71.11,69,54,16.2
90,Victoria,HK,2022-06-13 22:00:18,22.2855,114.1577,84.38,87,100,11.01
91,Norman Wells,CA,2022-06-13 22:04:25,65.282,-126.8329,43.68,90,100,8.5
92,Saint-Philippe,RE,2022-06-13 22:05:25,-21.3585,55.7679,67.59,77,52,14.85
93,Hamada,JP,2022-06-13 22:05:26,34.8833,132.0833,62.2,94,100,6.44
94,Bathsheba,BB,2022-06-13 22:05:26,13.2167,-59.5167,79.41,89,20,8.05
95,Vao,NC,2022-06-13 22:05:26,-22.6667,167.4833,72.12,76,100,15.03
96,Lima,PE,2022-06-13 22:03:48,-12.0432,-77.0282,61.9,78,100,12.66
97,Taft,IR,2022-06-13 22:05:27,31.7471,54.2088,80.19,11,0,7.94
98,Hermanus,ZA,2022-06-13 22:05:27,-34.4187,19.2345,52.81,73,100,16.04
99,Kavaratti,IN,2022-06-13 22:04:22,10.5669,72.642,83.55,75,95,13.51
100,Vanimo,PG,2022-06-13 22:05:28,-2.6741,141.3028,78.91,82,20,6.08
101,San Quintin,MX,2022-06-13 22:05:01,30.4833,-115.95,71.13,70,2,19.64
102,Ribeira Grande,PT,2022-06-13 22:05:28,38.5167,-28.7,63.48,81,28,13.15
103,Althofen,AT,2022-06-13 22:05:28,46.8818,14.4676,61.16,84,7,5.3
104,Nalobikha,RU,2022-06-13 22:05:29,53.2006,84.6039,62.96,78,100,5.73
105,Sitka,US,2022-06-13 22:05:05,57.0531,-135.33,53.49,76,100,8.05
106,Puerto Ayora,EC,2022-06-13 22:05:29,-0.7393,-90.3518,76.96,88,45,5.99
107,Korop,UA,2022-06-13 22:05:30,51.5664,32.9586,60.22,87,2,2.8
108,Comodoro Rivadavia,AR,2022-06-13 22:01:03,-45.8667,-67.5,55.33,56,100,14.32
109,Korla,CN,2022-06-13 22:05:30,41.7597,86.1469,82.22,10,3,7.34
110,Aswan,EG,2022-06-13 22:05:30,24.0934,32.907,88.95,23,0,10.49
111,Duayaw Nkwanta,GH,2022-06-13 22:05:31,7.1724,-2.1028,70.47,97,55,3.0
112,Kosh-Agach,RU,2022-06-13 22:05:31,50.0,88.6667,51.15,87,54,1.63
113,Canberra,AU,2022-06-13 22:03:33,-35.2835,149.1281,39.52,91,100,4.61
114,Provideniya,RU,2022-06-13 22:05:32,64.3833,-173.3,41.36,75,100,8.99
115,Bose,IT,2022-06-13 22:05:32,45.4612,8.0137,70.21,77,8,8.12
116,Guaruja,BR,2022-06-13 22:04:56,-23.9931,-46.2564,65.89,26,0,4.52
117,Novikovo,RU,2022-06-13 22:05:33,51.1537,37.8879,62.19,85,5,2.08
118,Chuy,UY,2022-06-13 22:05:33,-33.6971,-53.4616,52.43,90,24,5.06
119,Kulhudhuffushi,MV,2022-06-13 22:05:33,6.6221,73.07,82.8,76,100,11.63
120,Muscat,OM,2022-06-13 22:05:34,23.6139,58.5922,87.82,77,1,10.87
121,Sao Filipe,CV,2022-06-13 22:05:34,14.8961,-24.4956,74.95,73,18,10.07
122,Lata,PT,2022-06-13 22:05:34,40.1629,-8.3327,67.32,79,3,1.07
123,Marshall,US,2022-06-13 22:05:35,34.3834,-86.3333,94.39,56,0,8.05
124,Avarua,CK,2022-06-13 22:03:03,-21.2078,-159.775,82.45,69,99,9.22
125,Kingisepp,RU,2022-06-13 22:05:35,59.3733,28.6134,49.46,95,48,0.74
126,Qaanaaq,GL,2022-06-13 22:05:36,77.484,-69.3632,30.04,73,36,2.77
127,Taltal,CL,2022-06-13 22:05:36,-25.4,-70.4833,57.51,85,71,3.78
128,Les Cayes,HT,2022-06-13 22:05:36,18.2,-73.75,83.75,67,92,9.89
129,Labuhan,ID,2022-06-13 22:05:37,-6.8844,112.2051,77.05,86,100,5.97
130,Raga,SS,2022-06-13 22:05:37,8.4596,25.678,70.56,91,97,4.45
131,Kindu,CD,2022-06-13 22:05:37,-2.95,25.95,71.26,84,96,0.78
132,Barrow,US,2022-06-13 22:00:37,71.2906,-156.7887,35.62,80,75,17.27
133,Madaoua,NE,2022-06-13 22:05:38,14.073,5.96,98.29,19,76,3.89
134,San Juan,AR,2022-06-13 22:03:04,-31.5375,-68.5364,57.04,38,96,6.49
135,Conceicao Do Araguaia,BR,2022-06-13 22:01:28,-8.2578,-49.2647,80.49,65,100,2.24
136,Lohja,FI,2022-06-13 22:05:38,60.2486,24.0653,52.38,100,28,4.47
137,Butaritari,KI,2022-06-13 22:05:39,3.0707,172.7902,81.18,77,18,13.35
138,Bushehr,IR,2022-06-13 22:06:39,28.9684,50.8385,86.22,55,0,2.04
139,Morros,BR,2022-06-13 22:06:40,-9.4467,-46.3003,79.7,54,93,1.32
140,Longyearbyen,SJ,2022-06-13 22:06:40,78.2186,15.6401,40.84,70,75,3.44
141,Severo-Kurilsk,RU,2022-06-13 22:06:40,50.6789,156.125,45.1,91,99,13.11
142,Coihaique,CL,2022-06-13 22:04:09,-45.5752,-72.0662,43.41,87,75,3.44
143,Skibotn,NO,2022-06-13 22:06:41,69.3913,20.2679,48.16,91,100,2.35
144,Andros Town,BS,2022-06-13 22:06:41,24.7,-77.7667,85.96,70,3,13.44
145,Caravelas,BR,2022-06-13 22:06:42,-17.7125,-39.2481,72.45,74,100,11.5
146,Mponela,MW,2022-06-13 22:06:42,-13.5319,33.7401,55.92,61,37,6.02
147,Kahului,US,2022-06-13 22:05:55,20.8947,-156.47,87.82,62,20,21.85
148,Chapais,CA,2022-06-13 22:02:46,49.7834,-74.8492,63.93,64,99,5.84
149,Lavrentiya,RU,2022-06-13 22:06:43,65.5833,-171.0,38.25,65,100,10.89
150,Yangambi,CD,2022-06-13 22:06:43,0.8102,24.4336,69.39,98,99,2.26
151,Ambilobe,MG,2022-06-13 22:06:43,-13.2,49.05,68.54,88,7,3.02
152,Ocampo,MX,2022-06-13 22:06:44,21.65,-101.5,75.15,28,28,4.5
153,Sukhothai,TH,2022-06-13 22:02:12,17.25,99.6667,78.13,80,100,2.59
154,Vardo,NO,2022-06-13 22:06:44,70.3705,31.1107,46.38,76,100,4.61
155,Atambua,ID,2022-06-13 22:06:45,-9.1061,124.8925,70.43,87,65,5.12
156,Yemelyanovo,RU,2022-06-13 22:06:45,56.1681,92.6767,52.61,93,0,0.0
157,Conde,BR,2022-06-13 22:06:45,-7.2597,-34.9075,73.65,86,6,6.64
158,Ust-Nera,RU,2022-06-13 22:06:46,64.5667,143.2,48.51,90,100,1.66
159,Yanam,IN,2022-06-13 22:06:46,16.7333,82.2167,83.64,72,97,4.0
160,Amos,CA,2022-06-13 22:06:46,48.5669,-78.1162,65.7,70,84,5.06
161,Tuatapere,NZ,2022-06-13 22:06:47,-46.1333,167.6833,42.82,77,89,21.14
162,Olafsvik,IS,2022-06-13 22:06:47,64.8945,-23.7142,50.41,94,100,16.35
163,Bonthe,SL,2022-06-13 22:06:47,7.5264,-12.505,79.52,80,98,8.3
164,Kashi,CN,2022-06-13 22:06:48,39.4547,75.9797,76.82,26,94,10.38
165,Pitimbu,BR,2022-06-13 22:06:48,-7.4706,-34.8086,77.07,80,5,8.12
166,Boksitogorsk,RU,2022-06-13 22:06:48,59.474,33.8485,52.02,80,48,3.06
167,Hirara,JP,2022-06-13 22:06:49,24.8,125.2833,82.67,89,75,14.97
168,Kudymkar,RU,2022-06-13 22:06:49,59.0173,54.656,46.89,74,60,3.11
169,Itarema,BR,2022-06-13 22:06:49,-2.9248,-39.9167,78.58,77,3,13.65
170,Klaksvik,FO,2022-06-13 22:06:50,62.2266,-6.589,49.12,96,100,12.28
171,Daugavpils,LV,2022-06-13 22:06:50,55.8833,26.5333,54.14,96,100,0.89
172,Nueva Concepcion,GT,2022-06-13 22:06:51,14.2,-91.3,83.23,76,89,8.34
173,Rosarito,MX,2022-06-13 22:06:51,32.3333,-117.0333,76.62,65,14,9.64
174,Naze,JP,2022-06-13 22:06:51,28.3667,129.4833,76.24,87,100,20.27
175,North Platte,US,2022-06-13 22:06:52,41.1239,-100.7654,108.12,11,0,21.85
176,Najran,SA,2022-06-13 22:06:52,17.4924,44.1277,81.05,30,9,3.02
177,Morondava,MG,2022-06-13 22:06:52,-20.2833,44.2833,70.11,64,3,6.73
178,Vestmannaeyjar,IS,2022-06-13 22:06:53,63.4427,-20.2734,49.93,98,100,18.03
179,Show Low,US,2022-06-13 22:06:53,34.2542,-110.0298,85.66,17,0,33.38
180,Atar,MR,2022-06-13 22:06:53,20.5169,-13.0499,94.66,26,53,13.42
181,Aasiaat,GL,2022-06-13 22:06:54,68.7098,-52.8699,33.76,76,22,13.71
182,Fortuna,US,2022-06-13 22:06:54,40.5982,-124.1573,62.92,64,20,19.57
183,Fomboni,KM,2022-06-13 22:06:54,-12.28,43.7425,77.68,70,7,11.01
184,Cayenne,GF,2022-06-13 22:06:45,4.9333,-52.3333,77.09,1,75,8.05
185,Ginda,IN,2022-06-13 22:07:55,30.6945,78.4932,67.84,41,1,6.85
186,Lamu,KE,2022-06-13 22:07:55,-2.2717,40.902,77.22,79,91,13.98
187,East London,ZA,2022-06-13 22:07:56,-33.0153,27.9116,77.7,31,100,16.98
188,Yellowknife,CA,2022-06-13 22:03:16,62.456,-114.3525,67.59,39,17,7.76
189,Svetlogorsk,BY,2022-06-13 22:07:56,52.6333,29.7333,59.09,75,75,7.85
190,Diffa,NE,2022-06-13 22:07:56,13.3154,12.6113,91.35,36,87,9.57
191,Shestakovo,RU,2022-06-13 22:07:57,56.4915,103.96,60.19,87,28,0.98
192,Vila Franca Do Campo,PT,2022-06-13 22:04:28,37.7167,-25.4333,64.2,86,12,9.42
193,Palana,RU,2022-06-13 22:07:57,59.1167,159.9667,40.5,85,99,3.51
194,Skhisma,GR,2022-06-13 22:07:58,35.2667,25.7167,75.09,76,1,14.18
195,Cozumel,MX,2022-06-13 22:07:16,20.5083,-86.9458,80.94,86,100,7.0
196,Luwuk,ID,2022-06-13 22:07:58,-0.9516,122.7875,76.1,85,15,3.89
197,Chihuahua,MX,2022-06-13 22:06:12,28.5,-106.0,95.83,14,6,12.71
198,Juba,SS,2022-06-13 22:07:58,4.8517,31.5825,74.14,69,41,1.81
199,Saskylakh,RU,2022-06-13 22:07:59,71.9167,114.0833,64.26,41,100,1.72
200,Siguiri,GN,2022-06-13 22:07:59,11.6667,-9.5,81.03,59,29,4.36
201,Stokmarknes,NO,2022-06-13 22:08:00,68.5646,14.9108,49.98,93,75,0.0
202,Vangaindrano,MG,2022-06-13 22:08:00,-23.35,47.6,66.07,74,54,0.2
203,Mlonggo,ID,2022-06-13 22:08:00,-6.5333,110.7,77.88,85,100,5.39
204,Petropavlovsk-Kamchatskiy,RU,2022-06-13 22:08:01,53.0452,158.6483,52.39,66,75,2.24
205,Griffith,US,2022-06-13 22:08:01,41.5284,-87.4237,93.15,62,40,12.66
206,Lingao,CN,2022-06-13 22:08:02,19.9103,109.6859,80.91,83,99,5.17
207,Sao Borja,BR,2022-06-13 22:05:17,-28.6606,-56.0044,49.95,85,0,5.86
208,Mulanje,MW,2022-06-13 22:08:02,-16.0316,35.5,59.95,90,37,3.53
209,Kitimat,CA,2022-06-13 22:08:02,54.0524,-128.6534,59.92,64,91,1.01
210,Yarensk,RU,2022-06-13 22:08:03,62.1675,49.0916,53.13,71,100,4.32
211,Nortelandia,BR,2022-06-13 22:08:03,-14.4547,-56.8028,65.17,50,68,3.0
212,Dubbo,AU,2022-06-13 22:08:03,-32.25,148.6167,33.93,88,40,4.61
213,Gogrial,SS,2022-06-13 22:08:04,8.5332,28.1004,77.81,74,35,1.72
214,Diego De Almagro,CL,2022-06-13 22:04:03,-26.3667,-70.05,60.91,42,46,6.04
215,Abha,SA,2022-06-13 22:08:04,18.2164,42.5053,70.05,46,0,0.0
216,Pangnirtung,CA,2022-06-13 22:08:05,66.1451,-65.7125,34.45,89,90,2.1
217,Delcevo,MK,2022-06-13 22:08:05,41.9672,22.7694,58.55,89,9,3.98
218,Yerbogachen,RU,2022-06-13 22:08:05,61.2767,108.0108,56.77,62,30,2.59
219,Latung,PH,2022-06-13 22:08:06,5.5,120.8833,83.07,69,100,5.41
220,Emba,KZ,2022-06-13 22:08:06,48.8264,58.1442,54.32,79,0,7.14
221,Sinnamary,GF,2022-06-13 22:08:06,5.3833,-52.95,78.15,83,90,6.4
222,Tasiilaq,GL,2022-06-13 22:08:07,65.6145,-37.6368,37.56,95,100,11.14
223,Krasnovishersk,RU,2022-06-13 22:08:07,60.4078,57.082,45.3,71,2,1.95
224,Pio Ix,BR,2022-06-13 22:08:08,-6.8375,-40.5792,76.77,59,52,5.55
225,Kotka,FI,2022-06-13 22:08:08,60.4664,26.9458,54.66,92,28,11.27
226,Viedma,AR,2022-06-13 22:08:08,-40.8135,-62.9967,56.05,48,100,11.3
227,Saint-Paul,RE,2022-06-13 22:08:09,-21.0096,55.2707,72.36,70,88,8.95
228,Hangu,CN,2022-06-13 22:08:09,39.2489,117.7892,64.44,90,77,7.2
229,Natal,BR,2022-06-13 22:08:09,-5.795,-35.2094,76.19,80,4,8.01
230,Bilibino,RU,2022-06-13 22:09:10,68.0546,166.4372,59.7,27,26,2.82
231,Santona,ES,2022-06-13 22:09:10,43.4439,-3.4576,69.6,94,37,5.82
232,Iqaluit,CA,2022-06-13 22:09:10,63.7506,-68.5145,40.69,75,96,4.0
233,Moose Factory,CA,2022-06-13 22:09:11,51.2585,-80.6094,69.93,47,0,7.85
234,Port Lincoln,AU,2022-06-13 22:05:07,-34.7333,135.8667,56.66,59,70,23.98
235,Mizan Teferi,ET,2022-06-13 22:09:11,6.9833,35.5833,59.61,97,91,3.31
236,Deputatskiy,RU,2022-06-13 22:09:12,69.3,139.9,55.02,51,94,4.59
237,Pinotepa Nacional,MX,2022-06-13 22:09:12,16.3167,-98.0167,74.86,92,100,2.55
238,Pangoa,PE,2022-06-13 22:09:12,-12.1167,-73.0,70.16,77,68,2.24
239,Chulman,RU,2022-06-13 22:09:13,56.8479,124.9104,55.04,71,69,4.9
240,Pierre,US,2022-06-13 22:09:13,44.3683,-100.351,85.12,66,40,5.01
241,Zhuanghe,CN,2022-06-13 22:09:13,39.7008,122.9911,62.82,87,99,16.33
242,Paamiut,GL,2022-06-13 22:05:40,61.994,-49.6678,36.18,85,14,33.73
243,Nishihara,JP,2022-06-13 22:09:14,26.1842,127.7558,80.65,100,75,18.41
244,Angoram,PG,2022-06-13 22:09:14,-4.0625,144.0661,76.23,87,37,3.18
245,Kijang,KR,2022-06-13 22:07:43,35.2442,129.2139,63.61,90,100,22.53
246,Maniitsoq,GL,2022-06-13 22:09:15,65.4167,-52.9,36.48,74,11,18.72
247,Kloulklubed,PW,2022-06-13 22:09:15,7.0419,134.2556,77.5,73,81,13.29
248,Ostrovnoy,RU,2022-06-13 22:09:15,68.0531,39.5131,44.29,96,100,4.23
249,Washington,US,2022-06-13 22:08:17,47.5001,-120.5015,63.48,37,100,14.05
250,Nikolskoye,RU,2022-06-13 22:09:16,59.7035,30.7861,53.78,97,37,3.33
251,Mount Gambier,AU,2022-06-13 22:04:20,-37.8333,140.7667,46.42,76,100,9.78
252,Wilmington,US,2022-06-13 22:09:16,34.2257,-77.9447,89.51,69,0,10.36
253,Owando,CG,2022-06-13 22:09:17,-0.4819,15.8999,74.93,83,100,2.91
254,Poum,NC,2022-06-13 22:09:17,-20.2333,164.0167,73.94,91,100,10.36
255,Port Shepstone,ZA,2022-06-13 22:09:18,-30.7414,30.455,66.36,46,100,6.29
256,Uyuni,BO,2022-06-13 22:09:18,-20.4597,-66.825,37.31,16,0,6.82
257,Bom Jardim,BR,2022-06-13 22:09:18,-7.7958,-35.5872,69.06,95,8,4.03
258,Ilulissat,GL,2022-06-13 22:09:19,69.2167,-51.1,35.62,75,75,10.36
259,Lagos,NG,2022-06-13 22:09:03,6.5833,3.75,78.04,86,80,5.97
260,Aklavik,CA,2022-06-13 22:09:19,68.2191,-135.0107,57.22,42,89,9.66
261,Makakilo City,US,2022-06-13 22:09:19,21.3469,-158.0858,82.72,56,20,26.46
262,Santiago Del Estero,AR,2022-06-13 22:09:20,-27.7951,-64.2615,64.78,14,0,12.37
263,Taldan,RU,2022-06-13 22:09:20,53.6667,124.8,58.24,95,85,2.28
264,Plettenberg Bay,ZA,2022-06-13 22:09:20,-34.0527,23.3716,64.53,52,100,4.12
265,Tashtyp,RU,2022-06-13 22:09:21,52.7939,89.8983,60.89,84,97,3.42
266,Cidreira,BR,2022-06-13 22:09:21,-30.1811,-50.2056,57.94,86,97,3.98
267,Matara,LK,2022-06-13 22:09:21,5.9485,80.5353,78.62,87,91,10.8
268,Cooma,AU,2022-06-13 22:09:22,-36.2333,149.1333,31.77,100,100,9.22
269,Veraval,IN,2022-06-13 22:09:22,20.9,70.3667,82.47,80,51,9.35
270,Gistrup,DK,2022-06-13 22:09:23,56.9943,9.9909,53.49,83,75,16.11
271,Demba,CD,2022-06-13 22:09:23,-5.51,22.2667,73.81,53,88,1.74
272,Hanmer Springs,NZ,2022-06-13 22:09:23,-42.5167,172.8167,44.62,85,81,24.56
273,Clinton,US,2022-06-13 22:07:27,42.587,-82.9199,84.11,57,75,5.75
274,Margate,GB,2022-06-13 22:09:24,51.3813,1.3862,56.3,75,20,1.99
275,Hay River,CA,2022-06-13 22:05:49,60.8156,-115.7999,66.9,31,19,5.37
276,Papar,MY,2022-06-13 22:10:24,5.7333,115.9333,75.2,90,90,3.31
277,Vicksburg,US,2022-06-13 22:10:25,32.3526,-90.8779,93.43,56,0,12.66
278,Morgan City,US,2022-06-13 22:10:25,29.6994,-91.2068,93.02,70,0,10.36
279,Chokurdakh,RU,2022-06-13 22:10:26,70.6333,147.9167,67.95,32,0,17.43
280,Polunochnoye,RU,2022-06-13 22:10:26,60.8697,60.4153,50.36,81,66,2.42
281,Mata,PT,2022-06-13 22:10:26,40.683,-7.4592,77.59,64,9,4.27
282,Martinsburg,US,2022-06-13 22:10:27,39.4562,-77.9639,88.79,58,75,4.61
283,Amposta,ES,2022-06-13 22:09:52,40.7131,0.581,72.23,73,22,1.54
284,Bengkulu,ID,2022-06-13 22:10:27,-3.8004,102.2655,75.61,84,73,3.09
285,Thinadhoo,MV,2022-06-13 22:10:27,0.5333,72.9333,83.41,72,100,7.96
286,Sullana,PE,2022-06-13 22:10:28,-4.9039,-80.6853,80.04,47,77,15.9
287,Esperance,AU,2022-06-13 22:10:28,-33.8667,121.9,59.11,75,81,20.38
288,Sola,VU,2022-06-13 22:10:28,-13.8833,167.55,79.83,80,68,14.14
289,Kruisfontein,ZA,2022-06-13 22:10:29,-34.0033,24.7314,65.88,62,100,6.13
290,Riyadh,SA,2022-06-13 22:07:23,24.6877,46.7219,91.54,11,0,9.8
291,Faanui,PF,2022-06-13 22:10:29,-16.4833,-151.75,80.04,68,10,20.92
292,Kaitangata,NZ,2022-06-13 22:10:30,-46.2817,169.8464,41.04,89,93,18.01
293,Taoudenni,ML,2022-06-13 22:10:30,22.6783,-3.9836,101.28,9,33,9.4
294,Khrebtovaya,RU,2022-06-13 22:10:30,56.7032,104.2494,56.88,91,21,1.03
295,Kenai,US,2022-06-13 22:10:31,60.5544,-151.2583,60.03,72,20,13.8
296,Ryotsu,JP,2022-06-13 22:10:31,38.0833,138.4333,62.53,72,100,9.51
297,Sidrolandia,BR,2022-06-13 22:10:31,-20.9319,-54.9614,55.85,45,0,5.93
298,Kavieng,PG,2022-06-13 22:10:32,-2.5744,150.7967,83.3,72,22,13.78
299,Bekovo,RU,2022-06-13 22:10:32,52.4663,43.712,57.9,72,100,7.23
300,Tabou,CI,2022-06-13 22:10:32,4.423,-7.3528,77.54,70,28,5.1
301,Pingliang,CN,2022-06-13 22:10:33,35.5392,106.6861,60.22,31,0,4.25
302,Puerto Ayacucho,VE,2022-06-13 22:10:33,5.6639,-67.6236,72.82,94,100,7.72
303,Beyneu,KZ,2022-06-13 22:10:33,45.3167,55.2,75.52,22,44,17.83
304,Yulara,AU,2022-06-13 22:10:34,-25.2406,130.9889,50.97,44,0,1.81
305,Nanortalik,GL,2022-06-13 22:10:34,60.1432,-45.2371,38.37,79,3,27.6
306,Hami,CN,2022-06-13 22:10:35,42.8,93.45,79.48,7,23,7.38
307,Do Gonbadan,IR,2022-06-13 22:10:35,30.3586,50.7981,81.07,21,0,3.02
308,Coquimbo,CL,2022-06-13 22:10:35,-29.9533,-71.3436,53.33,82,100,5.75
309,Lorengau,PG,2022-06-13 22:10:36,-2.0226,147.2712,83.64,71,27,13.04
310,Sayhat,SA,2022-06-13 22:10:36,26.4852,50.0405,82.6,42,0,2.39
311,Evans,US,2022-06-13 22:10:36,33.5337,-82.1307,102.04,39,20,5.01
312,Numan,NG,2022-06-13 22:10:37,9.4667,12.0333,84.2,55,100,3.49
313,Wewak,PG,2022-06-13 22:10:37,-3.5534,143.6268,77.94,87,34,8.5
314,Tiksi,RU,2022-06-13 22:10:37,71.6872,128.8694,50.11,56,100,2.04
315,Ancud,CL,2022-06-13 22:10:38,-41.8697,-73.8203,52.23,95,99,9.01
316,Pevek,RU,2022-06-13 22:10:38,69.7008,170.3133,35.87,77,53,5.1
317,Chara,RU,2022-06-13 22:10:38,56.9064,118.2631,56.05,73,100,2.42
318,Waipawa,NZ,2022-06-13 22:10:39,-41.4122,175.5153,51.13,65,3,22.7
319,Verkh-Suetka,RU,2022-06-13 22:10:39,53.3,80.05,65.41,58,98,4.45
320,Ardakan,IR,2022-06-13 22:10:40,32.31,54.0175,86.79,10,0,3.56
321,Kshenskiy,RU,2022-06-13 22:10:40,51.8408,37.7136,60.89,85,3,3.33
322,Khakhea,BW,2022-06-13 22:10:40,-24.6895,23.494,57.47,40,0,10.58
323,Takoradi,GH,2022-06-13 22:11:41,4.8845,-1.7554,77.85,80,9,9.13
324,Tigre,AR,2022-06-13 22:11:41,-34.426,-58.5796,58.24,55,0,5.75
325,Carmen,MX,2022-06-13 22:11:41,18.6333,-91.8333,78.84,89,75,4.61
326,Bonfim,BR,2022-06-13 22:11:42,3.0833,-59.95,78.82,81,80,0.89
327,Tilichiki,RU,2022-06-13 22:11:42,60.4667,166.1,52.54,54,63,8.41
328,Ragusa,IT,2022-06-13 22:11:42,36.9167,14.6,71.89,47,0,1.14
329,Kalmunai,LK,2022-06-13 22:11:43,7.4167,81.8167,79.65,82,70,5.3
330,Camargo,MX,2022-06-13 22:11:43,27.6667,-105.1667,99.88,12,2,8.12
331,Kolyvan,RU,2022-06-13 22:11:43,55.3053,82.7391,62.22,80,43,5.46
332,Arteaga,MX,2022-06-13 22:11:44,18.4667,-102.4167,77.76,58,97,8.05
333,Yelkhovka,RU,2022-06-13 22:11:44,53.8667,50.2832,56.16,86,0,2.04
334,Lagoa,PT,2022-06-13 22:11:45,39.05,-27.9833,62.56,80,5,9.6
335,Mombetsu,JP,2022-06-13 22:11:45,44.3525,143.3525,56.64,77,7,3.53
336,Mahebourg,MU,2022-06-13 22:11:45,-20.4081,57.7,73.26,66,57,17.63
337,Yelizovo,RU,2022-06-13 22:11:46,53.1873,158.3805,53.74,66,75,2.24
338,Umm Kaddadah,SD,2022-06-13 22:11:46,13.6017,26.6876,78.82,56,100,13.02
339,Leshukonskoye,RU,2022-06-13 22:11:46,64.8989,45.7622,52.29,96,93,4.32
340,Pontianak,ID,2022-06-13 22:11:47,-0.0333,109.3333,75.18,100,100,2.3
341,Adre,TD,2022-06-13 22:11:47,13.4667,22.2,74.59,66,100,8.01
342,Bay Roberts,CA,2022-06-13 22:11:47,47.5999,-53.2648,55.04,67,98,3.0
343,Iskateley,RU,2022-06-13 22:11:48,67.6803,53.1512,56.57,38,100,14.07
344,Sur,OM,2022-06-13 22:11:48,22.5667,59.5289,83.12,77,0,10.67
345,Springfield,US,2022-06-13 22:11:48,37.2153,-93.2982,96.22,53,0,17.27
346,Athabasca,CA,2022-06-13 22:11:49,54.7169,-113.2854,62.15,72,63,15.66
347,Khanskaya,RU,2022-06-13 22:11:49,44.677,39.9616,59.86,80,83,5.66
348,Marsabit,KE,2022-06-13 22:11:50,2.3284,37.9899,63.97,67,8,16.98
349,Sobolevo,RU,2022-06-13 22:11:50,54.4299,31.8996,54.34,83,91,2.95
350,Mandalgovi,MN,2022-06-13 22:11:50,45.7625,106.2708,60.6,37,64,4.47
351,Raudeberg,NO,2022-06-13 22:11:51,61.9875,5.1352,48.96,95,100,12.26
352,Zhuhai,CN,2022-06-13 22:11:51,22.2769,113.5678,83.98,94,40,13.8
353,Eureka,US,2022-06-13 22:11:51,40.8021,-124.1637,66.67,67,6,10.0
354,Kidal,ML,2022-06-13 22:11:52,18.4411,1.4078,98.74,17,91,15.79
355,Morro Bay,US,2022-06-13 22:11:52,35.3658,-120.8499,89.73,49,7,10.0
356,Carnarvon,AU,2022-06-13 22:11:53,-24.8667,113.6333,63.79,56,1,11.16
357,Otjiwarongo,NA,2022-06-13 22:11:53,-20.4637,16.6477,50.29,59,0,3.76
358,Gamba,GA,2022-06-13 22:11:53,-2.65,10.0,73.89,89,100,5.19
359,Verkhoyansk,RU,2022-06-13 22:11:54,67.5447,133.385,60.96,46,38,7.09
360,North Bend,US,2022-06-13 22:11:54,43.4065,-124.2243,61.92,85,100,9.22
361,Aripuana,BR,2022-06-13 22:11:54,-9.1667,-60.6333,77.18,64,38,2.77
362,Areosa,PT,2022-06-13 22:11:55,41.7178,-8.8571,67.28,81,8,7.09
363,Santa Maria Del Oro,MX,2022-06-13 22:11:55,25.9333,-105.3667,92.7,14,78,21.3
364,Calama,CL,2022-06-13 22:11:55,-22.4667,-68.9333,63.09,5,0,16.11
365,Malangali,TZ,2022-06-13 22:11:56,-8.5667,34.85,58.82,63,29,9.78
366,Urumqi,CN,2022-06-13 22:11:56,43.801,87.6005,77.95,34,0,4.47
367,Pacific Grove,US,2022-06-13 22:11:12,36.6177,-121.9166,79.56,65,0,12.66
368,Ranong,TH,2022-06-13 22:12:57,9.9658,98.6348,78.58,87,72,1.92
369,Kuytun,RU,2022-06-13 22:12:57,54.3419,101.5036,61.9,86,100,3.02
370,Bridlington,GB,2022-06-13 22:11:17,54.0831,-0.1919,55.53,83,100,8.7
371,Grindavik,IS,2022-06-13 22:12:58,63.8424,-22.4338,50.47,100,100,17.27
372,Nakapiripirit,UG,2022-06-13 22:12:58,1.9167,34.7833,66.13,65,23,1.28
373,Burns Lake,CA,2022-06-13 22:12:58,54.2331,-125.7533,62.42,30,85,5.64
374,Stanger,ZA,2022-06-13 22:12:59,-29.3282,31.2895,61.7,41,100,6.53
375,Havoysund,NO,2022-06-13 22:12:59,70.9963,24.6622,41.23,83,99,6.31
376,Pecos,US,2022-06-13 22:11:35,31.4229,-103.4932,108.43,10,0,4.61
377,Salamiyah,SY,2022-06-13 22:10:14,35.0113,37.0532,66.78,81,0,14.5
378,Aykhal,RU,2022-06-13 22:13:00,66.0,111.5,62.8,32,32,1.25
379,Iracoubo,GF,2022-06-13 22:13:00,5.4802,-53.2011,77.74,84,91,6.49
380,Qena,EG,2022-06-13 22:13:00,26.1615,32.7183,86.09,28,0,6.78
381,Pisco,PE,2022-06-13 22:13:01,-13.7,-76.2167,61.02,82,100,4.61
382,Clyde River,CA,2022-06-13 22:13:01,70.4692,-68.5914,37.49,67,41,2.1
383,Tungor,RU,2022-06-13 22:13:01,53.3808,142.9564,61.34,63,93,11.12
384,Menongue,AO,2022-06-13 22:13:02,-14.6585,17.691,52.97,52,0,1.59
385,Auki,SB,2022-06-13 22:13:02,-8.7676,160.7034,80.87,79,34,3.09
386,Hue,VN,2022-06-13 22:13:02,16.4667,107.6,80.71,83,40,5.75
387,Lahat,ID,2022-06-13 22:13:03,-3.8,103.5333,71.65,92,95,1.14
388,Mnogovershinnyy,RU,2022-06-13 22:12:14,53.9353,139.9242,58.89,76,99,1.63
389,Mackenzie,CA,2022-06-13 22:13:03,55.2999,-123.1698,68.5,23,59,3.24
390,Tagusao,PH,2022-06-13 22:13:03,9.1924,117.8141,79.14,83,98,5.01
391,Nuuk,GL,2022-06-13 22:13:04,64.1835,-51.7216,38.01,75,75,9.22
392,Pilar,BR,2022-06-13 22:13:04,-9.5972,-35.9567,75.13,93,20,3.76
393,Indi,IN,2022-06-13 22:13:05,17.1667,75.9667,79.86,64,13,14.47
394,Rovaniemi,FI,2022-06-13 22:13:05,66.5,25.7167,56.61,76,0,5.75
395,Ayios Yeoryios,GR,2022-06-13 22:13:05,38.4,22.9333,68.85,67,0,1.99
396,Sabha,LY,2022-06-13 22:11:56,27.0377,14.4283,81.57,25,46,9.4
397,Kerchevskiy,RU,2022-06-13 22:13:06,59.946,56.2884,45.55,66,7,3.58
398,Denpasar,ID,2022-06-13 22:12:05,-8.65,115.2167,82.06,83,40,10.36
399,Inirida,CO,2022-06-13 22:13:06,3.8653,-67.9239,70.81,98,100,2.89
400,Nemuro,JP,2022-06-13 22:13:07,43.3236,145.575,48.16,81,16,3.74
401,Kushiro,JP,2022-06-13 22:13:07,42.975,144.3747,52.47,79,8,3.0
402,Dunedin,NZ,2022-06-13 22:13:08,-45.8742,170.5036,44.8,69,93,15.01
403,Galveston,US,2022-06-13 22:12:26,29.3669,-94.9669,95.09,67,0,17.27
404,Coro,VE,2022-06-13 22:08:59,11.4045,-69.6734,82.35,69,100,21.97
405,Chernushka,RU,2022-06-13 22:13:08,56.5072,56.0766,50.63,82,36,4.34
406,Hervey Bay,AU,2022-06-13 22:13:09,-25.2986,152.8535,66.56,72,99,11.1
407,Ljungby,SE,2022-06-13 22:13:09,56.8332,13.9408,54.16,92,19,10.89
408,Sulphur Springs,US,2022-06-13 22:13:09,33.1385,-95.6011,101.55,34,0,16.11
409,Benghazi,LY,2022-06-13 22:13:10,32.1167,20.0667,73.87,79,0,10.83
410,Saint-Claude,FR,2022-06-13 22:13:10,46.5,5.8333,58.37,81,0,4.68
411,Xining,CN,2022-06-13 22:13:11,36.6167,101.7667,50.36,39,0,2.64
412,Aduturai,IN,2022-06-13 22:13:11,11.0147,79.4791,83.34,64,85,11.39
413,Ballina,AU,2022-06-13 22:13:11,-28.8667,153.5667,52.79,98,87,5.21
414,Nynashamn,SE,2022-06-13 22:14:12,58.9034,17.9479,57.16,70,83,9.08
415,Boyuibe,BO,2022-06-13 22:14:12,-20.4167,-63.2833,56.75,30,0,4.25
416,Abu Kamal,SY,2022-06-13 22:14:12,34.4506,40.9171,82.18,35,0,12.41
417,Aksu,CN,2022-06-13 22:14:13,41.1231,80.2644,79.05,13,91,6.51
418,Chinhoyi,ZW,2022-06-13 22:14:13,-17.3667,30.2,52.02,73,0,3.42
419,Linhares,BR,2022-06-13 22:12:39,-19.3911,-40.0722,69.24,64,96,6.11
420,Chapayevka,UA,2022-06-13 22:14:14,47.4711,36.3451,63.45,90,13,4.59
421,Basqal,AZ,2022-06-13 22:14:14,40.7552,48.391,58.12,73,18,5.99
422,Pangody,RU,2022-06-13 22:14:14,65.85,74.4859,52.2,75,85,17.78
423,Shar,KZ,2022-06-13 22:14:15,49.5886,81.0453,64.36,68,95,6.98
424,Maryborough,AU,2022-06-13 22:13:13,-25.5333,152.7,61.59,85,86,3.36
425,Bandarbeyla,SO,2022-06-13 22:14:15,9.4942,50.8122,78.67,78,90,27.94
426,Shingu,JP,2022-06-13 22:14:16,33.7333,135.9833,66.42,95,100,13.44
427,Jiaozuo,CN,2022-06-13 22:14:16,35.2397,113.2331,71.02,49,26,4.0
428,Miri,MY,2022-06-13 22:14:16,4.4148,114.0089,74.25,90,72,4.59
429,Port Keats,AU,2022-06-13 22:14:17,-14.25,129.55,61.41,33,18,9.71
430,Bambous Virieux,MU,2022-06-13 22:14:17,-20.3428,57.7575,73.22,65,66,17.6
431,Banjar,ID,2022-06-13 22:14:17,-8.19,114.9675,75.61,91,75,2.86
432,Ponta Delgada,PT,2022-06-13 22:14:18,37.7333,-25.6667,64.51,77,40,8.05
433,Cabadiangan,PH,2022-06-13 22:14:18,9.7531,122.4739,78.49,83,93,3.09
434,Ajdabiya,LY,2022-06-13 22:14:18,30.7554,20.2263,72.36,82,0,7.85
435,Tomatlan,MX,2022-06-13 22:14:19,19.9333,-105.25,90.32,49,7,11.5
436,Hays,US,2022-06-13 22:14:19,30.0502,-98.0336,100.24,34,16,7.0
437,Leningradskiy,RU,2022-06-13 22:14:19,69.3833,178.4167,34.68,82,100,10.87
438,Republic,US,2022-06-13 22:14:20,37.12,-93.4802,96.19,49,0,17.27
439,Verkhnyaya Inta,RU,2022-06-13 22:14:20,65.9811,60.3094,45.88,58,26,3.38
440,Atasu,KZ,2022-06-13 22:14:21,48.6814,71.6433,61.38,71,75,7.43
441,Orland Park,US,2022-06-13 22:14:21,41.6303,-87.8539,91.81,80,100,15.99
442,Ilo,PE,2022-06-13 22:14:21,-17.6394,-71.3375,63.61,76,0,8.01
443,Keffi,NG,2022-06-13 22:14:22,8.8486,7.8736,77.36,80,89,3.78
444,Tigil,RU,2022-06-13 22:14:22,57.8,158.6667,42.37,88,100,2.71
445,Zandvoort,NL,2022-06-13 22:14:23,52.3749,4.5341,55.94,78,0,8.05
446,Ariquemes,BR,2022-06-13 22:14:23,-9.9133,-63.0408,73.24,73,43,2.84
447,Maningrida,AU,2022-06-13 22:14:23,-12.0667,134.2667,64.72,85,94,10.42
448,Phayakkhaphum Phisai,TH,2022-06-13 22:14:24,15.5163,103.1937,81.41,76,100,5.77
449,Sale,MA,2022-06-13 22:14:24,34.0389,-6.8166,75.63,88,75,13.8
450,Becerril,CO,2022-06-13 22:14:24,9.7041,-73.2793,78.39,88,48,7.27
451,Halmeu,RO,2022-06-13 22:14:25,47.9667,23.0167,66.88,91,80,5.75
452,Tortoli,IT,2022-06-13 22:11:29,39.9256,9.6572,74.23,50,2,4.03
453,Hofn,IS,2022-06-13 22:14:25,64.2539,-15.2082,50.07,100,100,11.83
454,Mangrol,IN,2022-06-13 22:14:26,21.1167,70.1167,82.72,78,20,7.02
455,Scottsbluff,US,2022-06-13 22:14:26,41.8666,-103.6672,98.83,21,0,18.41
456,Rio Cuarto,AR,2022-06-13 22:14:26,-33.1307,-64.3499,60.57,27,0,18.41
457,Asau,RO,2022-06-13 22:14:27,46.4333,26.4,63.52,89,6,6.06
458,Turzovka,SK,2022-06-13 22:14:27,49.4043,18.6226,51.35,93,20,2.3
459,Coswig,DE,2022-06-13 22:15:27,51.1333,13.5833,58.41,69,20,4.61
460,Marfino,RU,2022-06-13 22:15:28,55.7028,37.3822,63.95,81,0,6.71
461,Rio Grande City,US,2022-06-13 22:15:28,26.3798,-98.8203,91.87,31,90,28.21
462,Haines Junction,CA,2022-06-13 22:15:28,60.7522,-137.5108,57.15,58,100,2.3
463,Port Hawkesbury,CA,2022-06-13 22:15:29,45.6169,-61.3485,63.52,88,100,4.61
464,Fort Nelson,CA,2022-06-13 22:14:07,58.8053,-122.7002,71.28,21,57,4.38
465,Jalingo,NG,2022-06-13 22:15:29,8.8833,11.3667,79.83,75,98,2.57
466,Arlit,NE,2022-06-13 22:15:30,18.7369,7.3853,96.4,12,65,11.88
467,Yurla,RU,2022-06-13 22:15:30,59.3259,54.3223,47.55,69,77,3.11
468,Matagami,CA,2022-06-13 22:15:30,49.7502,-77.6328,68.11,60,75,10.36
469,Linhai,CN,2022-06-13 22:15:31,28.85,121.1167,70.93,89,100,1.92
470,Weinan,CN,2022-06-13 22:15:31,34.5036,109.5089,71.55,21,0,5.82
471,Lasa,IT,2022-06-13 22:12:37,46.6166,10.7002,58.37,85,5,5.12
472,Lere,NG,2022-06-13 22:15:32,10.387,8.5726,75.72,73,92,4.41
473,Ladario,BR,2022-06-13 22:15:32,-19.0047,-57.6017,60.06,40,0,2.42
474,Puerto Escondido,MX,2022-06-13 22:15:32,15.85,-97.0667,79.77,81,98,6.24
475,Toora-Khem,RU,2022-06-13 22:15:33,52.4675,96.11,56.17,92,97,0.07
476,Duma,CN,2022-06-13 22:15:33,34.7653,108.135,64.11,26,0,6.4
477,Gwadar,PK,2022-06-13 22:15:33,25.1216,62.3254,82.74,83,0,5.61
478,Mastic Beach,US,2022-06-13 22:15:34,40.7668,-72.8521,83.16,80,20,9.22
479,Sirohi,IN,2022-06-13 22:15:34,24.8833,72.8667,82.81,67,70,5.84
480,Bambanglipuro,ID,2022-06-13 22:15:34,-7.95,110.2833,75.79,90,71,4.43
481,Manadhoo,MV,2022-06-13 22:15:35,5.7667,73.3833,82.89,75,74,10.78
482,Ornskoldsvik,SE,2022-06-13 22:15:35,63.2909,18.7153,52.97,74,88,6.93
483,Necochea,AR,2022-06-13 22:15:35,-38.5473,-58.7368,53.8,57,100,10.74
484,Hasaki,JP,2022-06-13 22:15:36,35.7333,140.8333,63.0,74,100,14.7
485,Charters Towers,AU,2022-06-13 22:15:36,-20.1,146.2667,54.1,59,1,4.32
486,Lerwick,GB,2022-06-13 22:15:37,60.1545,-1.1494,51.8,93,100,17.11
487,Sioux Lookout,CA,2022-06-13 22:15:06,50.1001,-91.917,64.47,82,100,6.91
488,Zyryanka,RU,2022-06-13 22:12:17,65.75,150.85,63.55,32,53,25.37
489,Broome,US,2022-06-13 22:15:37,42.2506,-75.833,75.69,54,0,8.05
490,Slave Lake,CA,2022-06-13 22:15:38,55.2834,-114.769,67.98,52,20,10.36
491,Ust-Ishim,RU,2022-06-13 22:15:38,57.6935,71.1665,51.91,98,99,2.82
492,Smyrna,US,2022-06-13 22:15:38,33.884,-84.5144,96.66,53,20,9.22
493,Cairns,AU,2022-06-13 22:14:13,-16.9167,145.7667,62.55,77,40,12.66
494,Garden City,US,2022-06-13 22:14:42,42.3256,-83.331,84.04,51,75,4.61
495,Shiraz,IR,2022-06-13 22:15:39,29.6036,52.5388,78.24,22,0,4.61
496,Marsa Matruh,EG,2022-06-13 22:15:40,31.3525,27.2453,72.12,82,0,7.67
497,Herat,AF,2022-06-13 22:15:40,34.5,62.0,78.42,18,0,7.4
498,Sistranda,NO,2022-06-13 22:15:40,63.7256,8.834,49.96,92,100,22.03
499,Kungurtug,RU,2022-06-13 22:15:41,50.5994,97.5228,59.29,68,100,1.72
500,Kirksville,US,2022-06-13 22:15:41,40.1948,-92.5833,92.57,64,0,11.5
501,Llangefni,GB,2022-06-13 22:15:41,53.2556,-4.3106,55.26,79,100,12.66
502,Filingue,NE,2022-06-13 22:15:42,14.3521,3.3168,99.3,21,17,6.08
503,Copiapo,CL,2022-06-13 22:15:42,-27.3667,-70.3333,49.69,59,77,3.94
504,Cardonal,MX,2022-06-13 22:16:42,20.6,-99.1333,69.85,56,81,12.28
505,Ibimirim,BR,2022-06-13 22:16:43,-8.5406,-37.6903,74.73,76,5,9.48
506,Muyezerskiy,RU,2022-06-13 22:16:43,63.9333,31.65,51.17,89,30,5.03
507,Temir,KZ,2022-06-13 22:16:43,49.1414,57.13,53.82,83,0,7.67
508,Verkhniy Fiagdon,RU,2022-06-13 22:16:44,42.8333,44.3053,52.47,91,100,5.61
509,Koumac,NC,2022-06-13 22:16:44,-20.5667,164.2833,72.37,94,100,2.73
510,Buraydah,SA,2022-06-13 22:14:39,26.326,43.975,89.65,11,1,7.2
511,Guerrero Negro,MX,2022-06-13 22:16:45,27.9769,-114.0611,70.68,65,6,20.94
512,Whitehorse,CA,2022-06-13 22:16:45,60.7161,-135.0538,50.81,90,100,2.3
513,Uruzgan,AF,2022-06-13 22:16:45,32.8333,66.0,71.17,15,0,6.31
514,Erin,US,2022-06-13 22:15:33,36.3184,-87.6947,96.1,52,36,9.98
515,Zaporizhzhya,UA,2022-06-13 22:16:46,47.8167,35.1833,68.31,79,100,4.76
516,Katherine,AU,2022-06-13 22:16:46,-14.4667,132.2667,53.92,54,9,6.91
517,San Patricio,US,2022-06-13 22:16:47,28.017,-97.5169,95.18,49,68,22.44
518,Sydney,AU,2022-06-13 22:13:53,-33.8679,151.2073,49.26,74,20,8.05
519,Svetlyy,RU,2022-06-13 22:16:47,54.675,20.1347,56.97,79,2,14.32
520,Chuzhou,CN,2022-06-13 22:16:48,32.3219,118.2978,70.09,85,25,3.91
521,Molina,CL,2022-06-13 22:16:48,-35.1167,-71.2833,46.36,100,100,3.44
522,Zhigansk,RU,2022-06-13 22:16:48,66.7697,123.3711,53.11,71,60,4.25
523,Wundanyi,KE,2022-06-13 22:16:49,-3.4019,38.364,56.7,92,16,5.41
524,Saint-Augustin,CA,2022-06-13 22:16:49,51.226,-58.6502,62.31,52,65,8.75
525,Huarmey,PE,2022-06-13 22:16:49,-10.0681,-78.1522,67.3,74,16,10.8
526,Kishtwar,IN,2022-06-13 22:12:53,33.3167,75.7667,62.15,59,51,5.06
527,Rebrikha,RU,2022-06-13 22:16:50,53.0733,82.3408,64.99,66,68,5.39
528,Weligama,LK,2022-06-13 22:16:50,5.9667,80.4167,78.96,86,87,11.07
529,Coahuayana,MX,2022-06-13 22:16:51,18.7333,-103.6833,89.56,56,33,7.78
530,Duobao,CN,2022-06-13 22:16:51,30.67,112.6895,68.97,92,1,7.25
531,College,US,2022-06-13 22:16:51,64.8569,-147.8028,74.08,36,40,6.91
532,Abrau-Dyurso,RU,2022-06-13 22:16:52,44.69,37.59,65.48,67,16,9.48
533,Ketchikan,US,2022-06-13 22:16:52,55.3422,-131.6461,57.67,67,100,6.91
534,Barmer,IN,2022-06-13 22:16:53,25.75,71.3833,86.45,56,70,13.06
535,Ivanivka,UA,2022-06-13 22:16:53,46.7208,34.553,64.76,78,100,5.91
536,Moyale,KE,2022-06-13 22:16:53,3.5167,39.0584,65.26,72,52,3.96
537,Havelock,US,2022-06-13 22:16:54,34.8791,-76.9013,87.8,81,20,14.97
538,Kamaishi,JP,2022-06-13 22:16:54,39.2667,141.8833,57.52,70,93,7.72
539,Grand Gaube,MU,2022-06-13 22:16:54,-20.0064,57.6608,73.8,66,91,10.0
540,Harlingen,US,2022-06-13 22:13:03,26.1906,-97.6961,89.56,79,20,18.41
541,Hambantota,LK,2022-06-13 22:16:55,6.1241,81.1185,79.48,82,99,15.64
542,Kamina,CD,2022-06-13 22:16:55,-8.7386,24.9906,62.92,50,0,2.73
543,Kaduy,RU,2022-06-13 22:16:56,59.2,37.15,52.29,95,76,4.21
544,Guarapuava,BR,2022-06-13 22:16:56,-25.3953,-51.4581,43.16,92,0,3.18
545,Kuri,KR,2022-06-13 22:17:57,37.5986,127.1394,69.66,65,16,10.2
546,Havre-Saint-Pierre,CA,2022-06-13 22:17:57,50.2334,-63.5986,61.16,63,100,13.8
547,Mehamn,NO,2022-06-13 22:17:57,71.0357,27.8492,42.75,87,75,4.61
548,Verkhnyaya Khava,RU,2022-06-13 22:17:58,51.8404,39.9413,55.47,95,21,4.88
549,Prabumulih,ID,2022-06-13 22:17:58,-3.45,104.25,73.69,99,88,1.9
550,Hokitika,NZ,2022-06-13 22:17:58,-42.7167,170.9667,51.85,88,93,28.72
551,Balaipungut,ID,2022-06-13 22:17:59,1.05,101.2833,72.57,99,100,2.13
552,Rio Gallegos,AR,2022-06-13 22:17:59,-51.6226,-69.2181,44.65,76,75,10.36
553,Omboue,GA,2022-06-13 22:17:59,-1.5746,9.2618,74.75,90,100,6.38
554,Te Anau,NZ,2022-06-13 22:18:00,-45.4167,167.7167,41.05,82,92,12.8
555,Hornepayne,CA,2022-06-13 22:18:00,49.2138,-84.7705,73.53,37,51,6.93
556,Antofagasta,CL,2022-06-13 22:15:30,-23.65,-70.4,56.48,84,31,6.62
557,Okmulgee,US,2022-06-13 22:16:10,35.6234,-95.9605,94.86,55,0,12.66
558,Sicamous,CA,2022-06-13 22:13:11,50.8331,-118.9856,57.18,91,100,3.42
559,Belaya Gora,RU,2022-06-13 22:18:01,68.5333,146.4167,63.99,35,94,19.55
560,Dekar,BW,2022-06-13 22:18:01,-21.5333,21.9333,57.43,42,0,7.85
561,Houma,US,2022-06-13 22:18:01,29.5958,-90.7195,93.02,58,0,9.22
562,Manaure,CO,2022-06-13 22:18:02,11.7751,-72.4445,87.17,52,51,24.02
563,Jinji,CN,2022-06-13 22:18:03,23.2281,110.8261,75.69,99,100,0.72
564,Marawi,PH,2022-06-13 22:18:03,7.9986,124.2928,67.93,95,86,3.18
565,Caramay,PH,2022-06-13 22:18:03,10.1815,119.236,78.75,83,78,1.03
566,Narrabri,AU,2022-06-13 22:18:04,-30.3167,149.7833,40.51,88,0,1.01
567,Chemal,RU,2022-06-13 22:18:04,51.4111,86.005,58.98,94,71,4.36
568,Nizhniy Chir,RU,2022-06-13 22:18:04,48.3597,43.0865,65.34,48,11,10.33
569,Beloha,MG,2022-06-13 22:18:05,-25.1667,45.05,61.61,72,0,7.67
570,Hailar,CN,2022-06-13 22:18:05,49.2,119.7,58.64,86,100,4.56
571,Udachnyy,RU,2022-06-13 22:18:05,66.4167,112.4,64.89,33,8,4.21
